epoch,steps,cos_sim-Accuracy@1,cos_sim-Accuracy@3,cos_sim-Accuracy@5,cos_sim-Accuracy@10,cos_sim-Precision@10,cos_sim-Recall@10,cos_sim-Precision@100,cos_sim-Recall@100,cos_sim-MRR@10,cos_sim-NDCG@10,cos_sim-MAP@100,dot_score-Accuracy@1,dot_score-Accuracy@3,dot_score-Accuracy@5,dot_score-Accuracy@10,dot_score-Precision@10,dot_score-Recall@10,dot_score-Precision@100,dot_score-Recall@100,dot_score-MRR@10,dot_score-NDCG@10,dot_score-MAP@100
-1,-1,0.5043551264560814,0.7041662294049743,0.7717493965788645,0.8480428166649177,0.08751180606569421,0.8408927134711582,0.010086053101059922,0.9629919194039249,0.6188276972383363,0.6701536128029486,0.619453166569739,0.5043551264560814,0.7041662294049743,0.7717493965788645,0.8480428166649177,0.08751180606569421,0.8408927134711582,0.010086053101059922,0.9629919194039249,0.6188276972383363,0.6701536128029486,0.619453166569739
-1,-1,0.5043551264560814,0.7041662294049743,0.7717493965788645,0.8480428166649177,0.08751180606569421,0.8408927134711582,0.010086053101059922,0.9629919194039249,0.6188276972383363,0.6701536128029486,0.619453166569739,0.5043551264560814,0.7041662294049743,0.7717493965788645,0.8480428166649177,0.08751180606569421,0.8408927134711582,0.010086053101059922,0.9629919194039249,0.6188276972383363,0.6701536128029486,0.619453166569739
